{
    "Text_ML": {
        "name": "Metin ML (TF-IDF + Logistic Regression)",
        "accuracy": 0.992,
        "precision": 0.9980694980694981,
        "recall": 0.9866412213740458,
        "f1": 0.9923224568138196
    },
    "Graph_ML": {
        "name": "Graf ML (AST + Random Forest)",
        "accuracy": 0.964,
        "precision": 0.9674329501915708,
        "recall": 0.9637404580152672,
        "f1": 0.9655831739961759
    },
    "Anomaly_Detection": {
        "name": "Anomali Tespiti (AST + Isolation Forest)",
        "accuracy": 0.682,
        "precision": 0.8456375838926175,
        "recall": 0.48091603053435117,
        "f1": 0.6131386861313869
    }
}